MSN,YYYYMM,Value,Column_Order,Description,Unit
NUGBPUS,195713,0.055,2,"Nuclear Generating Units, Net Summer Capacity",Million Kilowatts
NUGBPUS,195813,0.055,2,"Nuclear Generating Units, Net Summer Capacity",Million Kilowatts
NUGBPUS,195913,0.055,2,"Nuclear Generating Units, Net Summer Capacity",Million Kilowatts
NUGBPUS,196013,0.411,2,"Nuclear Generating Units, Net Summer Capacity",Million Kilowatts
NUGBPUS,196113,0.411,2,"Nuclear Generating Units, Net Summer Capacity",Million Kilowatts
NUGBPUS,196213,0.733,2,"Nuclear Generating Units, Net Summer Capacity",Million Kilowatts
NUGBPUS,196313,0.793,2,"Nuclear Generating Units, Net Summer Capacity",Million Kilowatts
NUGBPUS,196413,0.793,2,"Nuclear Generating Units, Net Summer Capacity",Million Kilowatts
NUGBPUS,196513,0.793,2,"Nuclear Generating Units, Net Summer Capacity",Million Kilowatts
NUGBPUS,196613,1.679,2,"Nuclear Generating Units, Net Summer Capacity",Million Kilowatts
NUGBPUS,196713,2.684,2,"Nuclear Generating Units, Net Summer Capacity",Million Kilowatts
NUGBPUS,196813,2.728,2,"Nuclear Generating Units, Net Summer Capacity",Million Kilowatts
NUGBPUS,196913,4.428,2,"Nuclear Generating Units, Net Summer Capacity",Million Kilowatts
NUGBPUS,197013,7.004,2,"Nuclear Generating Units, Net Summer Capacity",Million Kilowatts
NUGBPUS,197113,9.033,2,"Nuclear Generating Units, Net Summer Capacity",Million Kilowatts
NUGBPUS,197213,14.481,2,"Nuclear Generating Units, Net Summer Capacity",Million Kilowatts
NUGBPUS,197301,14.533,2,"Nuclear Generating Units, Net Summer Capacity",Million Kilowatts
NUGBPUS,197302,14.533,2,"Nuclear Generating Units, Net Summer Capacity",Million Kilowatts
NUGBPUS,197303,15.314,2,"Nuclear Generating Units, Net Summer Capacity",Million Kilowatts
NUGBPUS,197304,15.314,2,"Nuclear Generating Units, Net Summer Capacity",Million Kilowatts
NUGBPUS,197305,16.174,2,"Nuclear Generating Units, Net Summer Capacity",Million Kilowatts
NUGBPUS,197306,18.729,2,"Nuclear Generating Units, Net Summer Capacity",Million Kilowatts
NUGBPUS,197307,18.729,2,"Nuclear Generating Units, Net Summer Capacity",Million Kilowatts
NUGBPUS,197308,19.205,2,"Nuclear Generating Units, Net Summer Capacity",Million Kilowatts
NUGBPUS,197309,19.205,2,"Nuclear Generating Units, Net Summer Capacity",Million Kilowatts
NUGBPUS,197310,20.271,2,"Nuclear Generating Units, Net Summer Capacity",Million Kilowatts
NUGBPUS,197311,20.271,2,"Nuclear Generating Units, Net Summer Capacity",Million Kilowatts
NUGBPUS,197312,22.683,2,"Nuclear Generating Units, Net Summer Capacity",Million Kilowatts
NUGBPUS,197313,22.683,2,"Nuclear Generating Units, Net Summer Capacity",Million Kilowatts
NUGBPUS,197401,22.683,2,"Nuclear Generating Units, Net Summer Capacity",Million Kilowatts
NUGBPUS,197402,23.735,2,"Nuclear Generating Units, Net Summer Capacity",Million Kilowatts
NUGBPUS,197403,23.675,2,"Nuclear Generating Units, Net Summer Capacity",Million Kilowatts
NUGBPUS,197404,24.201,2,"Nuclear Generating Units, Net Summer Capacity",Million Kilowatts
NUGBPUS,197405,25.461,2,"Nuclear Generating Units, Net Summer Capacity",Million Kilowatts
NUGBPUS,197406,26.237,2,"Nuclear Generating Units, Net Summer Capacity",Million Kilowatts
NUGBPUS,197407,26.237,2,"Nuclear Generating Units, Net Summer Capacity",Million Kilowatts
NUGBPUS,197408,28.139,2,"Nuclear Generating Units, Net Summer Capacity",Million Kilowatts
NUGBPUS,197409,30.032,2,"Nuclear Generating Units, Net Summer Capacity",Million Kilowatts
NUGBPUS,197410,30.905,2,"Nuclear Generating Units, Net Summer Capacity",Million Kilowatts
NUGBPUS,197411,31.356,2,"Nuclear Generating Units, Net Summer Capacity",Million Kilowatts
NUGBPUS,197412,31.867,2,"Nuclear Generating Units, Net Summer Capacity",Million Kilowatts
NUGBPUS,197413,31.867,2,"Nuclear Generating Units, Net Summer Capacity",Million Kilowatts
NUGBPUS,197501,32.692,2,"Nuclear Generating Units, Net Summer Capacity",Million Kilowatts
NUGBPUS,197502,34.516,2,"Nuclear Generating Units, Net Summer Capacity",Million Kilowatts
NUGBPUS,197503,34.516,2,"Nuclear Generating Units, Net Summer Capacity",Million Kilowatts
NUGBPUS,197504,35.306,2,"Nuclear Generating Units, Net Summer Capacity",Million Kilowatts
NUGBPUS,197505,35.306,2,"Nuclear Generating Units, Net Summer Capacity",Million Kilowatts
NUGBPUS,197506,35.306,2,"Nuclear Generating Units, Net Summer Capacity",Million Kilowatts
NUGBPUS,197507,35.306,2,"Nuclear Generating Units, Net Summer Capacity",Million Kilowatts
NUGBPUS,197508,35.306,2,"Nuclear Generating Units, Net Summer Capacity",Million Kilowatts
NUGBPUS,197509,35.306,2,"Nuclear Generating Units, Net Summer Capacity",Million Kilowatts
NUGBPUS,197510,35.306,2,"Nuclear Generating Units, Net Summer Capacity",Million Kilowatts
NUGBPUS,197511,36.163,2,"Nuclear Generating Units, Net Summer Capacity",Million Kilowatts
NUGBPUS,197512,37.267,2,"Nuclear Generating Units, Net Summer Capacity",Million Kilowatts
NUGBPUS,197513,37.267,2,"Nuclear Generating Units, Net Summer Capacity",Million Kilowatts
NUGBPUS,197601,37.267,2,"Nuclear Generating Units, Net Summer Capacity",Million Kilowatts
NUGBPUS,197602,37.267,2,"Nuclear Generating Units, Net Summer Capacity",Million Kilowatts
NUGBPUS,197603,37.267,2,"Nuclear Generating Units, Net Summer Capacity",Million Kilowatts
NUGBPUS,197604,38.232,2,"Nuclear Generating Units, Net Summer Capacity",Million Kilowatts
NUGBPUS,197605,39.071,2,"Nuclear Generating Units, Net Summer Capacity",Million Kilowatts
NUGBPUS,197606,39.881,2,"Nuclear Generating Units, Net Summer Capacity",Million Kilowatts
NUGBPUS,197607,39.881,2,"Nuclear Generating Units, Net Summer Capacity",Million Kilowatts
NUGBPUS,197608,39.818,2,"Nuclear Generating Units, Net Summer Capacity",Million Kilowatts
NUGBPUS,197609,40.884,2,"Nuclear Generating Units, Net Summer Capacity",Million Kilowatts
NUGBPUS,197610,40.884,2,"Nuclear Generating Units, Net Summer Capacity",Million Kilowatts
NUGBPUS,197611,40.884,2,"Nuclear Generating Units, Net Summer Capacity",Million Kilowatts
NUGBPUS,197612,43.822,2,"Nuclear Generating Units, Net Summer Capacity",Million Kilowatts
NUGBPUS,197613,43.822,2,"Nuclear Generating Units, Net Summer Capacity",Million Kilowatts
NUGBPUS,197701,44.559,2,"Nuclear Generating Units, Net Summer Capacity",Million Kilowatts
NUGBPUS,197702,44.559,2,"Nuclear Generating Units, Net Summer Capacity",Million Kilowatts
NUGBPUS,197703,44.559,2,"Nuclear Generating Units, Net Summer Capacity",Million Kilowatts
NUGBPUS,197704,44.559,2,"Nuclear Generating Units, Net Summer Capacity",Million Kilowatts
NUGBPUS,197705,44.559,2,"Nuclear Generating Units, Net Summer Capacity",Million Kilowatts
NUGBPUS,197706,44.559,2,"Nuclear Generating Units, Net Summer Capacity",Million Kilowatts
NUGBPUS,197707,44.559,2,"Nuclear Generating Units, Net Summer Capacity",Million Kilowatts
NUGBPUS,197708,46.303,2,"Nuclear Generating Units, Net Summer Capacity",Million Kilowatts
NUGBPUS,197709,46.303,2,"Nuclear Generating Units, Net Summer Capacity",Million Kilowatts
NUGBPUS,197710,46.303,2,"Nuclear Generating Units, Net Summer Capacity",Million Kilowatts
NUGBPUS,197711,46.303,2,"Nuclear Generating Units, Net Summer Capacity",Million Kilowatts
NUGBPUS,197712,46.303,2,"Nuclear Generating Units, Net Summer Capacity",Million Kilowatts
NUGBPUS,197713,46.303,2,"Nuclear Generating Units, Net Summer Capacity",Million Kilowatts
NUGBPUS,197801,46.303,2,"Nuclear Generating Units, Net Summer Capacity",Million Kilowatts
NUGBPUS,197802,46.303,2,"Nuclear Generating Units, Net Summer Capacity",Million Kilowatts
NUGBPUS,197803,47.403,2,"Nuclear Generating Units, Net Summer Capacity",Million Kilowatts
NUGBPUS,197804,49.198,2,"Nuclear Generating Units, Net Summer Capacity",Million Kilowatts
NUGBPUS,197805,49.198,2,"Nuclear Generating Units, Net Summer Capacity",Million Kilowatts
NUGBPUS,197806,49.198,2,"Nuclear Generating Units, Net Summer Capacity",Million Kilowatts
NUGBPUS,197807,49.198,2,"Nuclear Generating Units, Net Summer Capacity",Million Kilowatts
NUGBPUS,197808,49.198,2,"Nuclear Generating Units, Net Summer Capacity",Million Kilowatts
NUGBPUS,197809,49.966,2,"Nuclear Generating Units, Net Summer Capacity",Million Kilowatts
NUGBPUS,197810,49.966,2,"Nuclear Generating Units, Net Summer Capacity",Million Kilowatts
NUGBPUS,197811,49.966,2,"Nuclear Generating Units, Net Summer Capacity",Million Kilowatts
NUGBPUS,197812,50.824,2,"Nuclear Generating Units, Net Summer Capacity",Million Kilowatts
NUGBPUS,197813,50.824,2,"Nuclear Generating Units, Net Summer Capacity",Million Kilowatts
NUGBPUS,197901,50.627,2,"Nuclear Generating Units, Net Summer Capacity",Million Kilowatts
NUGBPUS,197902,50.627,2,"Nuclear Generating Units, Net Summer Capacity",Million Kilowatts
NUGBPUS,197903,49.747,2,"Nuclear Generating Units, Net Summer Capacity",Million Kilowatts
NUGBPUS,197904,49.747,2,"Nuclear Generating Units, Net Summer Capacity",Million Kilowatts
NUGBPUS,197905,49.747,2,"Nuclear Generating Units, Net Summer Capacity",Million Kilowatts
NUGBPUS,197906,49.747,2,"Nuclear Generating Units, Net Summer Capacity",Million Kilowatts
NUGBPUS,197907,49.747,2,"Nuclear Generating Units, Net Summer Capacity",Million Kilowatts
NUGBPUS,197908,49.747,2,"Nuclear Generating Units, Net Summer Capacity",Million Kilowatts
NUGBPUS,197909,49.747,2,"Nuclear Generating Units, Net Summer Capacity",Million Kilowatts
NUGBPUS,197910,49.747,2,"Nuclear Generating Units, Net Summer Capacity",Million Kilowatts
NUGBPUS,197911,49.747,2,"Nuclear Generating Units, Net Summer Capacity",Million Kilowatts
NUGBPUS,197912,49.747,2,"Nuclear Generating Units, Net Summer Capacity",Million Kilowatts
NUGBPUS,197913,49.747,2,"Nuclear Generating Units, Net Summer Capacity",Million Kilowatts
NUGBPUS,198001,49.747,2,"Nuclear Generating Units, Net Summer Capacity",Million Kilowatts
NUGBPUS,198002,49.747,2,"Nuclear Generating Units, Net Summer Capacity",Million Kilowatts
NUGBPUS,198003,49.747,2,"Nuclear Generating Units, Net Summer Capacity",Million Kilowatts
NUGBPUS,198004,49.747,2,"Nuclear Generating Units, Net Summer Capacity",Million Kilowatts
NUGBPUS,198005,49.747,2,"Nuclear Generating Units, Net Summer Capacity",Million Kilowatts
NUGBPUS,198006,49.747,2,"Nuclear Generating Units, Net Summer Capacity",Million Kilowatts
NUGBPUS,198007,50.895,2,"Nuclear Generating Units, Net Summer Capacity",Million Kilowatts
NUGBPUS,198008,51.81,2,"Nuclear Generating Units, Net Summer Capacity",Million Kilowatts
NUGBPUS,198009,51.81,2,"Nuclear Generating Units, Net Summer Capacity",Million Kilowatts
NUGBPUS,198010,51.81,2,"Nuclear Generating Units, Net Summer Capacity",Million Kilowatts
NUGBPUS,198011,51.81,2,"Nuclear Generating Units, Net Summer Capacity",Million Kilowatts
NUGBPUS,198012,51.81,2,"Nuclear Generating Units, Net Summer Capacity",Million Kilowatts
NUGBPUS,198013,51.81,2,"Nuclear Generating Units, Net Summer Capacity",Million Kilowatts
NUGBPUS,198101,51.81,2,"Nuclear Generating Units, Net Summer Capacity",Million Kilowatts
NUGBPUS,198102,51.81,2,"Nuclear Generating Units, Net Summer Capacity",Million Kilowatts
NUGBPUS,198103,51.81,2,"Nuclear Generating Units, Net Summer Capacity",Million Kilowatts
NUGBPUS,198104,51.81,2,"Nuclear Generating Units, Net Summer Capacity",Million Kilowatts
NUGBPUS,198105,52.638,2,"Nuclear Generating Units, Net Summer Capacity",Million Kilowatts
NUGBPUS,198106,53.744,2,"Nuclear Generating Units, Net Summer Capacity",Million Kilowatts
NUGBPUS,198107,53.744,2,"Nuclear Generating Units, Net Summer Capacity",Million Kilowatts
NUGBPUS,198108,53.744,2,"Nuclear Generating Units, Net Summer Capacity",Million Kilowatts
NUGBPUS,198109,54.894,2,"Nuclear Generating Units, Net Summer Capacity",Million Kilowatts
NUGBPUS,198110,54.894,2,"Nuclear Generating Units, Net Summer Capacity",Million Kilowatts
NUGBPUS,198111,54.894,2,"Nuclear Generating Units, Net Summer Capacity",Million Kilowatts
NUGBPUS,198112,56.042,2,"Nuclear Generating Units, Net Summer Capacity",Million Kilowatts
NUGBPUS,198113,56.042,2,"Nuclear Generating Units, Net Summer Capacity",Million Kilowatts
NUGBPUS,198201,56.042,2,"Nuclear Generating Units, Net Summer Capacity",Million Kilowatts
NUGBPUS,198202,56.042,2,"Nuclear Generating Units, Net Summer Capacity",Million Kilowatts
NUGBPUS,198203,56.042,2,"Nuclear Generating Units, Net Summer Capacity",Million Kilowatts
NUGBPUS,198204,56.042,2,"Nuclear Generating Units, Net Summer Capacity",Million Kilowatts
NUGBPUS,198205,56.042,2,"Nuclear Generating Units, Net Summer Capacity",Million Kilowatts
NUGBPUS,198206,56.042,2,"Nuclear Generating Units, Net Summer Capacity",Million Kilowatts
NUGBPUS,198207,56.042,2,"Nuclear Generating Units, Net Summer Capacity",Million Kilowatts
NUGBPUS,198208,56.042,2,"Nuclear Generating Units, Net Summer Capacity",Million Kilowatts
NUGBPUS,198209,58.16,2,"Nuclear Generating Units, Net Summer Capacity",Million Kilowatts
NUGBPUS,198210,58.1,2,"Nuclear Generating Units, Net Summer Capacity",Million Kilowatts
NUGBPUS,198211,60.035,2,"Nuclear Generating Units, Net Summer Capacity",Million Kilowatts
NUGBPUS,198212,60.035,2,"Nuclear Generating Units, Net Summer Capacity",Million Kilowatts
NUGBPUS,198213,60.035,2,"Nuclear Generating Units, Net Summer Capacity",Million Kilowatts
NUGBPUS,198301,59.532,2,"Nuclear Generating Units, Net Summer Capacity",Million Kilowatts
NUGBPUS,198302,59.632,2,"Nuclear Generating Units, Net Summer Capacity",Million Kilowatts
NUGBPUS,198303,59.632,2,"Nuclear Generating Units, Net Summer Capacity",Million Kilowatts
NUGBPUS,198304,59.658,2,"Nuclear Generating Units, Net Summer Capacity",Million Kilowatts
NUGBPUS,198305,59.883,2,"Nuclear Generating Units, Net Summer Capacity",Million Kilowatts
NUGBPUS,198306,61.686,2,"Nuclear Generating Units, Net Summer Capacity",Million Kilowatts
NUGBPUS,198307,61.23,2,"Nuclear Generating Units, Net Summer Capacity",Million Kilowatts
NUGBPUS,198308,61.44,2,"Nuclear Generating Units, Net Summer Capacity",Million Kilowatts
NUGBPUS,198309,62.227,2,"Nuclear Generating Units, Net Summer Capacity",Million Kilowatts
NUGBPUS,198310,62.876,2,"Nuclear Generating Units, Net Summer Capacity",Million Kilowatts
NUGBPUS,198311,62.809,2,"Nuclear Generating Units, Net Summer Capacity",Million Kilowatts
NUGBPUS,198312,63.009,2,"Nuclear Generating Units, Net Summer Capacity",Million Kilowatts
NUGBPUS,198313,63.009,2,"Nuclear Generating Units, Net Summer Capacity",Million Kilowatts
NUGBPUS,198401,63.009,2,"Nuclear Generating Units, Net Summer Capacity",Million Kilowatts
NUGBPUS,198402,63.009,2,"Nuclear Generating Units, Net Summer Capacity",Million Kilowatts
NUGBPUS,198403,64.057,2,"Nuclear Generating Units, Net Summer Capacity",Million Kilowatts
NUGBPUS,198404,65.157,2,"Nuclear Generating Units, Net Summer Capacity",Million Kilowatts
NUGBPUS,198405,65.157,2,"Nuclear Generating Units, Net Summer Capacity",Million Kilowatts
NUGBPUS,198406,66.207,2,"Nuclear Generating Units, Net Summer Capacity",Million Kilowatts
NUGBPUS,198407,66.207,2,"Nuclear Generating Units, Net Summer Capacity",Million Kilowatts
NUGBPUS,198408,67.446,2,"Nuclear Generating Units, Net Summer Capacity",Million Kilowatts
NUGBPUS,198409,67.446,2,"Nuclear Generating Units, Net Summer Capacity",Million Kilowatts
NUGBPUS,198410,68.566,2,"Nuclear Generating Units, Net Summer Capacity",Million Kilowatts
NUGBPUS,198411,69.652,2,"Nuclear Generating Units, Net Summer Capacity",Million Kilowatts
NUGBPUS,198412,69.652,2,"Nuclear Generating Units, Net Summer Capacity",Million Kilowatts
NUGBPUS,198413,69.652,2,"Nuclear Generating Units, Net Summer Capacity",Million Kilowatts
NUGBPUS,198501,70.675,2,"Nuclear Generating Units, Net Summer Capacity",Million Kilowatts
NUGBPUS,198502,71.795,2,"Nuclear Generating Units, Net Summer Capacity",Million Kilowatts
NUGBPUS,198503,72.899,2,"Nuclear Generating Units, Net Summer Capacity",Million Kilowatts
NUGBPUS,198504,72.899,2,"Nuclear Generating Units, Net Summer Capacity",Million Kilowatts
NUGBPUS,198505,72.899,2,"Nuclear Generating Units, Net Summer Capacity",Million Kilowatts
NUGBPUS,198506,75.275,2,"Nuclear Generating Units, Net Summer Capacity",Million Kilowatts
NUGBPUS,198507,76.354,2,"Nuclear Generating Units, Net Summer Capacity",Million Kilowatts
NUGBPUS,198508,78.478,2,"Nuclear Generating Units, Net Summer Capacity",Million Kilowatts
NUGBPUS,198509,78.478,2,"Nuclear Generating Units, Net Summer Capacity",Million Kilowatts
NUGBPUS,198510,78.478,2,"Nuclear Generating Units, Net Summer Capacity",Million Kilowatts
NUGBPUS,198511,79.397,2,"Nuclear Generating Units, Net Summer Capacity",Million Kilowatts
NUGBPUS,198512,79.397,2,"Nuclear Generating Units, Net Summer Capacity",Million Kilowatts
NUGBPUS,198513,79.397,2,"Nuclear Generating Units, Net Summer Capacity",Million Kilowatts
NUGBPUS,198601,80.604,2,"Nuclear Generating Units, Net Summer Capacity",Million Kilowatts
NUGBPUS,198602,80.604,2,"Nuclear Generating Units, Net Summer Capacity",Million Kilowatts
NUGBPUS,198603,80.604,2,"Nuclear Generating Units, Net Summer Capacity",Million Kilowatts
NUGBPUS,198604,81.863,2,"Nuclear Generating Units, Net Summer Capacity",Million Kilowatts
NUGBPUS,198605,82.995,2,"Nuclear Generating Units, Net Summer Capacity",Million Kilowatts
NUGBPUS,198606,82.995,2,"Nuclear Generating Units, Net Summer Capacity",Million Kilowatts
NUGBPUS,198607,84.048,2,"Nuclear Generating Units, Net Summer Capacity",Million Kilowatts
NUGBPUS,198608,84.048,2,"Nuclear Generating Units, Net Summer Capacity",Million Kilowatts
NUGBPUS,198609,84.048,2,"Nuclear Generating Units, Net Summer Capacity",Million Kilowatts
NUGBPUS,198610,84.048,2,"Nuclear Generating Units, Net Summer Capacity",Million Kilowatts
NUGBPUS,198611,85.241,2,"Nuclear Generating Units, Net Summer Capacity",Million Kilowatts
NUGBPUS,198612,85.241,2,"Nuclear Generating Units, Net Summer Capacity",Million Kilowatts
NUGBPUS,198613,85.241,2,"Nuclear Generating Units, Net Summer Capacity",Million Kilowatts
NUGBPUS,198701,87.248,2,"Nuclear Generating Units, Net Summer Capacity",Million Kilowatts
NUGBPUS,198702,87.248,2,"Nuclear Generating Units, Net Summer Capacity",Million Kilowatts
NUGBPUS,198703,88.446,2,"Nuclear Generating Units, Net Summer Capacity",Million Kilowatts
NUGBPUS,198704,89.33,2,"Nuclear Generating Units, Net Summer Capacity",Million Kilowatts
NUGBPUS,198705,89.33,2,"Nuclear Generating Units, Net Summer Capacity",Million Kilowatts
NUGBPUS,198706,89.33,2,"Nuclear Generating Units, Net Summer Capacity",Million Kilowatts
NUGBPUS,198707,91.488,2,"Nuclear Generating Units, Net Summer Capacity",Million Kilowatts
NUGBPUS,198708,92.324,2,"Nuclear Generating Units, Net Summer Capacity",Million Kilowatts
NUGBPUS,198709,92.324,2,"Nuclear Generating Units, Net Summer Capacity",Million Kilowatts
NUGBPUS,198710,92.324,2,"Nuclear Generating Units, Net Summer Capacity",Million Kilowatts
NUGBPUS,198711,93.583,2,"Nuclear Generating Units, Net Summer Capacity",Million Kilowatts
NUGBPUS,198712,93.583,2,"Nuclear Generating Units, Net Summer Capacity",Million Kilowatts
NUGBPUS,198713,93.583,2,"Nuclear Generating Units, Net Summer Capacity",Million Kilowatts
NUGBPUS,198801,93.583,2,"Nuclear Generating Units, Net Summer Capacity",Million Kilowatts
NUGBPUS,198802,92.743,2,"Nuclear Generating Units, Net Summer Capacity",Million Kilowatts
NUGBPUS,198803,93.982,2,"Nuclear Generating Units, Net Summer Capacity",Million Kilowatts
NUGBPUS,198804,93.982,2,"Nuclear Generating Units, Net Summer Capacity",Million Kilowatts
NUGBPUS,198805,95.089,2,"Nuclear Generating Units, Net Summer Capacity",Million Kilowatts
NUGBPUS,198806,95.089,2,"Nuclear Generating Units, Net Summer Capacity",Million Kilowatts
NUGBPUS,198807,94.695,2,"Nuclear Generating Units, Net Summer Capacity",Million Kilowatts
NUGBPUS,198808,94.695,2,"Nuclear Generating Units, Net Summer Capacity",Million Kilowatts
NUGBPUS,198809,94.695,2,"Nuclear Generating Units, Net Summer Capacity",Million Kilowatts
NUGBPUS,198810,94.695,2,"Nuclear Generating Units, Net Summer Capacity",Million Kilowatts
NUGBPUS,198811,94.695,2,"Nuclear Generating Units, Net Summer Capacity",Million Kilowatts
NUGBPUS,198812,94.695,2,"Nuclear Generating Units, Net Summer Capacity",Million Kilowatts
NUGBPUS,198813,94.695,2,"Nuclear Generating Units, Net Summer Capacity",Million Kilowatts
NUGBPUS,198901,94.695,2,"Nuclear Generating Units, Net Summer Capacity",Million Kilowatts
NUGBPUS,198902,94.695,2,"Nuclear Generating Units, Net Summer Capacity",Million Kilowatts
NUGBPUS,198903,97.031,2,"Nuclear Generating Units, Net Summer Capacity",Million Kilowatts
NUGBPUS,198904,97.031,2,"Nuclear Generating Units, Net Summer Capacity",Million Kilowatts
NUGBPUS,198905,97.031,2,"Nuclear Generating Units, Net Summer Capacity",Million Kilowatts
NUGBPUS,198906,97.031,2,"Nuclear Generating Units, Net Summer Capacity",Million Kilowatts
NUGBPUS,198907,97.323,2,"Nuclear Generating Units, Net Summer Capacity",Million Kilowatts
NUGBPUS,198908,98.161,2,"Nuclear Generating Units, Net Summer Capacity",Million Kilowatts
NUGBPUS,198909,98.161,2,"Nuclear Generating Units, Net Summer Capacity",Million Kilowatts
NUGBPUS,198910,98.161,2,"Nuclear Generating Units, Net Summer Capacity",Million Kilowatts
NUGBPUS,198911,98.161,2,"Nuclear Generating Units, Net Summer Capacity",Million Kilowatts
NUGBPUS,198912,98.161,2,"Nuclear Generating Units, Net Summer Capacity",Million Kilowatts
NUGBPUS,198913,98.161,2,"Nuclear Generating Units, Net Summer Capacity",Million Kilowatts
NUGBPUS,199001,98.161,2,"Nuclear Generating Units, Net Summer Capacity",Million Kilowatts
NUGBPUS,199002,98.161,2,"Nuclear Generating Units, Net Summer Capacity",Million Kilowatts
NUGBPUS,199003,99.311,2,"Nuclear Generating Units, Net Summer Capacity",Million Kilowatts
NUGBPUS,199004,100.461,2,"Nuclear Generating Units, Net Summer Capacity",Million Kilowatts
NUGBPUS,199005,100.461,2,"Nuclear Generating Units, Net Summer Capacity",Million Kilowatts
NUGBPUS,199006,100.461,2,"Nuclear Generating Units, Net Summer Capacity",Million Kilowatts
NUGBPUS,199007,100.497,2,"Nuclear Generating Units, Net Summer Capacity",Million Kilowatts
NUGBPUS,199008,100.497,2,"Nuclear Generating Units, Net Summer Capacity",Million Kilowatts
NUGBPUS,199009,99.624,2,"Nuclear Generating Units, Net Summer Capacity",Million Kilowatts
NUGBPUS,199010,99.624,2,"Nuclear Generating Units, Net Summer Capacity",Million Kilowatts
NUGBPUS,199011,99.624,2,"Nuclear Generating Units, Net Summer Capacity",Million Kilowatts
NUGBPUS,199012,99.624,2,"Nuclear Generating Units, Net Summer Capacity",Million Kilowatts
NUGBPUS,199013,99.624,2,"Nuclear Generating Units, Net Summer Capacity",Million Kilowatts
NUGBPUS,199101,99.624,2,"Nuclear Generating Units, Net Summer Capacity",Million Kilowatts
NUGBPUS,199102,99.624,2,"Nuclear Generating Units, Net Summer Capacity",Million Kilowatts
NUGBPUS,199103,99.624,2,"Nuclear Generating Units, Net Summer Capacity",Million Kilowatts
NUGBPUS,199104,99.624,2,"Nuclear Generating Units, Net Summer Capacity",Million Kilowatts
NUGBPUS,199105,99.624,2,"Nuclear Generating Units, Net Summer Capacity",Million Kilowatts
NUGBPUS,199106,99.624,2,"Nuclear Generating Units, Net Summer Capacity",Million Kilowatts
NUGBPUS,199107,99.589,2,"Nuclear Generating Units, Net Summer Capacity",Million Kilowatts
NUGBPUS,199108,99.589,2,"Nuclear Generating Units, Net Summer Capacity",Million Kilowatts
NUGBPUS,199109,99.589,2,"Nuclear Generating Units, Net Summer Capacity",Million Kilowatts
NUGBPUS,199110,99.589,2,"Nuclear Generating Units, Net Summer Capacity",Million Kilowatts
NUGBPUS,199111,99.589,2,"Nuclear Generating Units, Net Summer Capacity",Million Kilowatts
NUGBPUS,199112,99.589,2,"Nuclear Generating Units, Net Summer Capacity",Million Kilowatts
NUGBPUS,199113,99.589,2,"Nuclear Generating Units, Net Summer Capacity",Million Kilowatts
NUGBPUS,199201,99.589,2,"Nuclear Generating Units, Net Summer Capacity",Million Kilowatts
NUGBPUS,199202,99.421,2,"Nuclear Generating Units, Net Summer Capacity",Million Kilowatts
NUGBPUS,199203,99.421,2,"Nuclear Generating Units, Net Summer Capacity",Million Kilowatts
NUGBPUS,199204,99.421,2,"Nuclear Generating Units, Net Summer Capacity",Million Kilowatts
NUGBPUS,199205,99.421,2,"Nuclear Generating Units, Net Summer Capacity",Million Kilowatts
NUGBPUS,199206,99.421,2,"Nuclear Generating Units, Net Summer Capacity",Million Kilowatts
NUGBPUS,199207,99.421,2,"Nuclear Generating Units, Net Summer Capacity",Million Kilowatts
NUGBPUS,199208,99.421,2,"Nuclear Generating Units, Net Summer Capacity",Million Kilowatts
NUGBPUS,199209,99.421,2,"Nuclear Generating Units, Net Summer Capacity",Million Kilowatts
NUGBPUS,199210,99.421,2,"Nuclear Generating Units, Net Summer Capacity",Million Kilowatts
NUGBPUS,199211,99.421,2,"Nuclear Generating Units, Net Summer Capacity",Million Kilowatts
NUGBPUS,199212,98.985,2,"Nuclear Generating Units, Net Summer Capacity",Million Kilowatts
NUGBPUS,199213,98.985,2,"Nuclear Generating Units, Net Summer Capacity",Million Kilowatts
NUGBPUS,199301,97.881,2,"Nuclear Generating Units, Net Summer Capacity",Million Kilowatts
NUGBPUS,199302,97.881,2,"Nuclear Generating Units, Net Summer Capacity",Million Kilowatts
NUGBPUS,199303,97.881,2,"Nuclear Generating Units, Net Summer Capacity",Million Kilowatts
NUGBPUS,199304,99.031,2,"Nuclear Generating Units, Net Summer Capacity",Million Kilowatts
NUGBPUS,199305,99.031,2,"Nuclear Generating Units, Net Summer Capacity",Million Kilowatts
NUGBPUS,199306,99.031,2,"Nuclear Generating Units, Net Summer Capacity",Million Kilowatts
NUGBPUS,199307,99.031,2,"Nuclear Generating Units, Net Summer Capacity",Million Kilowatts
NUGBPUS,199308,99.031,2,"Nuclear Generating Units, Net Summer Capacity",Million Kilowatts
NUGBPUS,199309,99.031,2,"Nuclear Generating Units, Net Summer Capacity",Million Kilowatts
NUGBPUS,199310,99.094,2,"Nuclear Generating Units, Net Summer Capacity",Million Kilowatts
NUGBPUS,199311,99.094,2,"Nuclear Generating Units, Net Summer Capacity",Million Kilowatts
NUGBPUS,199312,99.041,2,"Nuclear Generating Units, Net Summer Capacity",Million Kilowatts
NUGBPUS,199313,99.041,2,"Nuclear Generating Units, Net Summer Capacity",Million Kilowatts
NUGBPUS,199401,99.041,2,"Nuclear Generating Units, Net Summer Capacity",Million Kilowatts
NUGBPUS,199402,99.041,2,"Nuclear Generating Units, Net Summer Capacity",Million Kilowatts
NUGBPUS,199403,99.041,2,"Nuclear Generating Units, Net Summer Capacity",Million Kilowatts
NUGBPUS,199404,99.041,2,"Nuclear Generating Units, Net Summer Capacity",Million Kilowatts
NUGBPUS,199405,99.041,2,"Nuclear Generating Units, Net Summer Capacity",Million Kilowatts
NUGBPUS,199406,99.041,2,"Nuclear Generating Units, Net Summer Capacity",Million Kilowatts
NUGBPUS,199407,99.041,2,"Nuclear Generating Units, Net Summer Capacity",Million Kilowatts
NUGBPUS,199408,99.041,2,"Nuclear Generating Units, Net Summer Capacity",Million Kilowatts
NUGBPUS,199409,99.041,2,"Nuclear Generating Units, Net Summer Capacity",Million Kilowatts
NUGBPUS,199410,99.041,2,"Nuclear Generating Units, Net Summer Capacity",Million Kilowatts
NUGBPUS,199411,99.041,2,"Nuclear Generating Units, Net Summer Capacity",Million Kilowatts
NUGBPUS,199412,99.148,2,"Nuclear Generating Units, Net Summer Capacity",Million Kilowatts
NUGBPUS,199413,99.148,2,"Nuclear Generating Units, Net Summer Capacity",Million Kilowatts
NUGBPUS,199501,99.148,2,"Nuclear Generating Units, Net Summer Capacity",Million Kilowatts
NUGBPUS,199502,99.148,2,"Nuclear Generating Units, Net Summer Capacity",Million Kilowatts
NUGBPUS,199503,99.148,2,"Nuclear Generating Units, Net Summer Capacity",Million Kilowatts
NUGBPUS,199504,99.148,2,"Nuclear Generating Units, Net Summer Capacity",Million Kilowatts
NUGBPUS,199505,99.148,2,"Nuclear Generating Units, Net Summer Capacity",Million Kilowatts
NUGBPUS,199506,99.148,2,"Nuclear Generating Units, Net Summer Capacity",Million Kilowatts
NUGBPUS,199507,99.515,2,"Nuclear Generating Units, Net Summer Capacity",Million Kilowatts
NUGBPUS,199508,99.515,2,"Nuclear Generating Units, Net Summer Capacity",Million Kilowatts
NUGBPUS,199509,99.515,2,"Nuclear Generating Units, Net Summer Capacity",Million Kilowatts
NUGBPUS,199510,99.515,2,"Nuclear Generating Units, Net Summer Capacity",Million Kilowatts
NUGBPUS,199511,99.515,2,"Nuclear Generating Units, Net Summer Capacity",Million Kilowatts
NUGBPUS,199512,99.515,2,"Nuclear Generating Units, Net Summer Capacity",Million Kilowatts
NUGBPUS,199513,99.515,2,"Nuclear Generating Units, Net Summer Capacity",Million Kilowatts
NUGBPUS,199601,99.515,2,"Nuclear Generating Units, Net Summer Capacity",Million Kilowatts
NUGBPUS,199602,100.908,2,"Nuclear Generating Units, Net Summer Capacity",Million Kilowatts
NUGBPUS,199603,100.908,2,"Nuclear Generating Units, Net Summer Capacity",Million Kilowatts
NUGBPUS,199604,100.908,2,"Nuclear Generating Units, Net Summer Capacity",Million Kilowatts
NUGBPUS,199605,100.908,2,"Nuclear Generating Units, Net Summer Capacity",Million Kilowatts
NUGBPUS,199606,100.908,2,"Nuclear Generating Units, Net Summer Capacity",Million Kilowatts
NUGBPUS,199607,100.908,2,"Nuclear Generating Units, Net Summer Capacity",Million Kilowatts
NUGBPUS,199608,100.908,2,"Nuclear Generating Units, Net Summer Capacity",Million Kilowatts
NUGBPUS,199609,100.908,2,"Nuclear Generating Units, Net Summer Capacity",Million Kilowatts
NUGBPUS,199610,100.908,2,"Nuclear Generating Units, Net Summer Capacity",Million Kilowatts
NUGBPUS,199611,100.908,2,"Nuclear Generating Units, Net Summer Capacity",Million Kilowatts
NUGBPUS,199612,100.784,2,"Nuclear Generating Units, Net Summer Capacity",Million Kilowatts
NUGBPUS,199613,100.784,2,"Nuclear Generating Units, Net Summer Capacity",Million Kilowatts
NUGBPUS,199701,100.784,2,"Nuclear Generating Units, Net Summer Capacity",Million Kilowatts
NUGBPUS,199702,100.784,2,"Nuclear Generating Units, Net Summer Capacity",Million Kilowatts
NUGBPUS,199703,100.784,2,"Nuclear Generating Units, Net Summer Capacity",Million Kilowatts
NUGBPUS,199704,100.784,2,"Nuclear Generating Units, Net Summer Capacity",Million Kilowatts
NUGBPUS,199705,100.784,2,"Nuclear Generating Units, Net Summer Capacity",Million Kilowatts
NUGBPUS,199706,100.784,2,"Nuclear Generating Units, Net Summer Capacity",Million Kilowatts
NUGBPUS,199707,100.784,2,"Nuclear Generating Units, Net Summer Capacity",Million Kilowatts
NUGBPUS,199708,99.716,2,"Nuclear Generating Units, Net Summer Capacity",Million Kilowatts
NUGBPUS,199709,99.716,2,"Nuclear Generating Units, Net Summer Capacity",Million Kilowatts
NUGBPUS,199710,99.716,2,"Nuclear Generating Units, Net Summer Capacity",Million Kilowatts
NUGBPUS,199711,99.716,2,"Nuclear Generating Units, Net Summer Capacity",Million Kilowatts
NUGBPUS,199712,99.716,2,"Nuclear Generating Units, Net Summer Capacity",Million Kilowatts
NUGBPUS,199713,99.716,2,"Nuclear Generating Units, Net Summer Capacity",Million Kilowatts
NUGBPUS,199801,99.716,2,"Nuclear Generating Units, Net Summer Capacity",Million Kilowatts
NUGBPUS,199802,99.716,2,"Nuclear Generating Units, Net Summer Capacity",Million Kilowatts
NUGBPUS,199803,99.716,2,"Nuclear Generating Units, Net Summer Capacity",Million Kilowatts
NUGBPUS,199804,99.716,2,"Nuclear Generating Units, Net Summer Capacity",Million Kilowatts
NUGBPUS,199805,99.716,2,"Nuclear Generating Units, Net Summer Capacity",Million Kilowatts
NUGBPUS,199806,99.716,2,"Nuclear Generating Units, Net Summer Capacity",Million Kilowatts
NUGBPUS,199807,97.07,2,"Nuclear Generating Units, Net Summer Capacity",Million Kilowatts
NUGBPUS,199808,97.07,2,"Nuclear Generating Units, Net Summer Capacity",Million Kilowatts
NUGBPUS,199809,97.07,2,"Nuclear Generating Units, Net Summer Capacity",Million Kilowatts
NUGBPUS,199810,97.07,2,"Nuclear Generating Units, Net Summer Capacity",Million Kilowatts
NUGBPUS,199811,97.07,2,"Nuclear Generating Units, Net Summer Capacity",Million Kilowatts
NUGBPUS,199812,97.07,2,"Nuclear Generating Units, Net Summer Capacity",Million Kilowatts
NUGBPUS,199813,97.07,2,"Nuclear Generating Units, Net Summer Capacity",Million Kilowatts
NUGBPUS,199901,97.502,2,"Nuclear Generating Units, Net Summer Capacity",Million Kilowatts
NUGBPUS,199902,97.502,2,"Nuclear Generating Units, Net Summer Capacity",Million Kilowatts
NUGBPUS,199903,97.502,2,"Nuclear Generating Units, Net Summer Capacity",Million Kilowatts
NUGBPUS,199904,97.502,2,"Nuclear Generating Units, Net Summer Capacity",Million Kilowatts
NUGBPUS,199905,97.502,2,"Nuclear Generating Units, Net Summer Capacity",Million Kilowatts
NUGBPUS,199906,97.502,2,"Nuclear Generating Units, Net Summer Capacity",Million Kilowatts
NUGBPUS,199907,97.502,2,"Nuclear Generating Units, Net Summer Capacity",Million Kilowatts
NUGBPUS,199908,97.502,2,"Nuclear Generating Units, Net Summer Capacity",Million Kilowatts
NUGBPUS,199909,97.502,2,"Nuclear Generating Units, Net Summer Capacity",Million Kilowatts
NUGBPUS,199910,97.502,2,"Nuclear Generating Units, Net Summer Capacity",Million Kilowatts
NUGBPUS,199911,97.502,2,"Nuclear Generating Units, Net Summer Capacity",Million Kilowatts
NUGBPUS,199912,97.411,2,"Nuclear Generating Units, Net Summer Capacity",Million Kilowatts
NUGBPUS,199913,97.411,2,"Nuclear Generating Units, Net Summer Capacity",Million Kilowatts
NUGBPUS,200001,97.411,2,"Nuclear Generating Units, Net Summer Capacity",Million Kilowatts
NUGBPUS,200002,97.411,2,"Nuclear Generating Units, Net Summer Capacity",Million Kilowatts
NUGBPUS,200003,97.411,2,"Nuclear Generating Units, Net Summer Capacity",Million Kilowatts
NUGBPUS,200004,97.411,2,"Nuclear Generating Units, Net Summer Capacity",Million Kilowatts
NUGBPUS,200005,97.411,2,"Nuclear Generating Units, Net Summer Capacity",Million Kilowatts
NUGBPUS,200006,97.411,2,"Nuclear Generating Units, Net Summer Capacity",Million Kilowatts
NUGBPUS,200007,97.411,2,"Nuclear Generating Units, Net Summer Capacity",Million Kilowatts
NUGBPUS,200008,97.411,2,"Nuclear Generating Units, Net Summer Capacity",Million Kilowatts
NUGBPUS,200009,97.411,2,"Nuclear Generating Units, Net Summer Capacity",Million Kilowatts
NUGBPUS,200010,97.411,2,"Nuclear Generating Units, Net Summer Capacity",Million Kilowatts
NUGBPUS,200011,97.411,2,"Nuclear Generating Units, Net Summer Capacity",Million Kilowatts
NUGBPUS,200012,97.86,2,"Nuclear Generating Units, Net Summer Capacity",Million Kilowatts
NUGBPUS,200013,97.86,2,"Nuclear Generating Units, Net Summer Capacity",Million Kilowatts
NUGBPUS,200101,98.159,2,"Nuclear Generating Units, Net Summer Capacity",Million Kilowatts
NUGBPUS,200102,98.159,2,"Nuclear Generating Units, Net Summer Capacity",Million Kilowatts
NUGBPUS,200103,98.159,2,"Nuclear Generating Units, Net Summer Capacity",Million Kilowatts
NUGBPUS,200104,98.159,2,"Nuclear Generating Units, Net Summer Capacity",Million Kilowatts
NUGBPUS,200105,98.159,2,"Nuclear Generating Units, Net Summer Capacity",Million Kilowatts
NUGBPUS,200106,98.159,2,"Nuclear Generating Units, Net Summer Capacity",Million Kilowatts
NUGBPUS,200107,98.159,2,"Nuclear Generating Units, Net Summer Capacity",Million Kilowatts
NUGBPUS,200108,98.159,2,"Nuclear Generating Units, Net Summer Capacity",Million Kilowatts
NUGBPUS,200109,98.159,2,"Nuclear Generating Units, Net Summer Capacity",Million Kilowatts
NUGBPUS,200110,98.159,2,"Nuclear Generating Units, Net Summer Capacity",Million Kilowatts
NUGBPUS,200111,98.159,2,"Nuclear Generating Units, Net Summer Capacity",Million Kilowatts
NUGBPUS,200112,98.159,2,"Nuclear Generating Units, Net Summer Capacity",Million Kilowatts
NUGBPUS,200113,98.159,2,"Nuclear Generating Units, Net Summer Capacity",Million Kilowatts
NUGBPUS,200201,98.657,2,"Nuclear Generating Units, Net Summer Capacity",Million Kilowatts
NUGBPUS,200202,98.657,2,"Nuclear Generating Units, Net Summer Capacity",Million Kilowatts
NUGBPUS,200203,98.657,2,"Nuclear Generating Units, Net Summer Capacity",Million Kilowatts
NUGBPUS,200204,98.657,2,"Nuclear Generating Units, Net Summer Capacity",Million Kilowatts
NUGBPUS,200205,98.657,2,"Nuclear Generating Units, Net Summer Capacity",Million Kilowatts
NUGBPUS,200206,98.657,2,"Nuclear Generating Units, Net Summer Capacity",Million Kilowatts
NUGBPUS,200207,98.657,2,"Nuclear Generating Units, Net Summer Capacity",Million Kilowatts
NUGBPUS,200208,98.657,2,"Nuclear Generating Units, Net Summer Capacity",Million Kilowatts
NUGBPUS,200209,98.657,2,"Nuclear Generating Units, Net Summer Capacity",Million Kilowatts
NUGBPUS,200210,98.657,2,"Nuclear Generating Units, Net Summer Capacity",Million Kilowatts
NUGBPUS,200211,98.657,2,"Nuclear Generating Units, Net Summer Capacity",Million Kilowatts
NUGBPUS,200212,98.657,2,"Nuclear Generating Units, Net Summer Capacity",Million Kilowatts
NUGBPUS,200213,98.657,2,"Nuclear Generating Units, Net Summer Capacity",Million Kilowatts
NUGBPUS,200301,99.209,2,"Nuclear Generating Units, Net Summer Capacity",Million Kilowatts
NUGBPUS,200302,99.209,2,"Nuclear Generating Units, Net Summer Capacity",Million Kilowatts
NUGBPUS,200303,99.209,2,"Nuclear Generating Units, Net Summer Capacity",Million Kilowatts
NUGBPUS,200304,99.209,2,"Nuclear Generating Units, Net Summer Capacity",Million Kilowatts
NUGBPUS,200305,99.209,2,"Nuclear Generating Units, Net Summer Capacity",Million Kilowatts
NUGBPUS,200306,99.209,2,"Nuclear Generating Units, Net Summer Capacity",Million Kilowatts
NUGBPUS,200307,99.209,2,"Nuclear Generating Units, Net Summer Capacity",Million Kilowatts
NUGBPUS,200308,99.209,2,"Nuclear Generating Units, Net Summer Capacity",Million Kilowatts
NUGBPUS,200309,99.209,2,"Nuclear Generating Units, Net Summer Capacity",Million Kilowatts
NUGBPUS,200310,99.209,2,"Nuclear Generating Units, Net Summer Capacity",Million Kilowatts
NUGBPUS,200311,99.209,2,"Nuclear Generating Units, Net Summer Capacity",Million Kilowatts
NUGBPUS,200312,99.209,2,"Nuclear Generating Units, Net Summer Capacity",Million Kilowatts
NUGBPUS,200313,99.209,2,"Nuclear Generating Units, Net Summer Capacity",Million Kilowatts
NUGBPUS,200401,99.628,2,"Nuclear Generating Units, Net Summer Capacity",Million Kilowatts
NUGBPUS,200402,99.628,2,"Nuclear Generating Units, Net Summer Capacity",Million Kilowatts
NUGBPUS,200403,99.628,2,"Nuclear Generating Units, Net Summer Capacity",Million Kilowatts
NUGBPUS,200404,99.628,2,"Nuclear Generating Units, Net Summer Capacity",Million Kilowatts
NUGBPUS,200405,99.628,2,"Nuclear Generating Units, Net Summer Capacity",Million Kilowatts
NUGBPUS,200406,99.628,2,"Nuclear Generating Units, Net Summer Capacity",Million Kilowatts
NUGBPUS,200407,99.628,2,"Nuclear Generating Units, Net Summer Capacity",Million Kilowatts
NUGBPUS,200408,99.628,2,"Nuclear Generating Units, Net Summer Capacity",Million Kilowatts
NUGBPUS,200409,99.628,2,"Nuclear Generating Units, Net Summer Capacity",Million Kilowatts
NUGBPUS,200410,99.628,2,"Nuclear Generating Units, Net Summer Capacity",Million Kilowatts
NUGBPUS,200411,99.628,2,"Nuclear Generating Units, Net Summer Capacity",Million Kilowatts
NUGBPUS,200412,99.628,2,"Nuclear Generating Units, Net Summer Capacity",Million Kilowatts
NUGBPUS,200413,99.628,2,"Nuclear Generating Units, Net Summer Capacity",Million Kilowatts
NUGBPUS,200501,99.988,2,"Nuclear Generating Units, Net Summer Capacity",Million Kilowatts
NUGBPUS,200502,99.988,2,"Nuclear Generating Units, Net Summer Capacity",Million Kilowatts
NUGBPUS,200503,99.988,2,"Nuclear Generating Units, Net Summer Capacity",Million Kilowatts
NUGBPUS,200504,99.988,2,"Nuclear Generating Units, Net Summer Capacity",Million Kilowatts
NUGBPUS,200505,99.988,2,"Nuclear Generating Units, Net Summer Capacity",Million Kilowatts
NUGBPUS,200506,99.988,2,"Nuclear Generating Units, Net Summer Capacity",Million Kilowatts
NUGBPUS,200507,99.988,2,"Nuclear Generating Units, Net Summer Capacity",Million Kilowatts
NUGBPUS,200508,99.988,2,"Nuclear Generating Units, Net Summer Capacity",Million Kilowatts
NUGBPUS,200509,99.988,2,"Nuclear Generating Units, Net Summer Capacity",Million Kilowatts
NUGBPUS,200510,99.988,2,"Nuclear Generating Units, Net Summer Capacity",Million Kilowatts
NUGBPUS,200511,99.988,2,"Nuclear Generating Units, Net Summer Capacity",Million Kilowatts
NUGBPUS,200512,99.988,2,"Nuclear Generating Units, Net Summer Capacity",Million Kilowatts
NUGBPUS,200513,99.988,2,"Nuclear Generating Units, Net Summer Capacity",Million Kilowatts
NUGBPUS,200601,100.334,2,"Nuclear Generating Units, Net Summer Capacity",Million Kilowatts
NUGBPUS,200602,100.334,2,"Nuclear Generating Units, Net Summer Capacity",Million Kilowatts
NUGBPUS,200603,100.334,2,"Nuclear Generating Units, Net Summer Capacity",Million Kilowatts
NUGBPUS,200604,100.334,2,"Nuclear Generating Units, Net Summer Capacity",Million Kilowatts
NUGBPUS,200605,100.334,2,"Nuclear Generating Units, Net Summer Capacity",Million Kilowatts
NUGBPUS,200606,100.334,2,"Nuclear Generating Units, Net Summer Capacity",Million Kilowatts
NUGBPUS,200607,100.334,2,"Nuclear Generating Units, Net Summer Capacity",Million Kilowatts
NUGBPUS,200608,100.334,2,"Nuclear Generating Units, Net Summer Capacity",Million Kilowatts
NUGBPUS,200609,100.334,2,"Nuclear Generating Units, Net Summer Capacity",Million Kilowatts
NUGBPUS,200610,100.334,2,"Nuclear Generating Units, Net Summer Capacity",Million Kilowatts
NUGBPUS,200611,100.334,2,"Nuclear Generating Units, Net Summer Capacity",Million Kilowatts
NUGBPUS,200612,100.334,2,"Nuclear Generating Units, Net Summer Capacity",Million Kilowatts
NUGBPUS,200613,100.334,2,"Nuclear Generating Units, Net Summer Capacity",Million Kilowatts
NUGBPUS,200701,100.266,2,"Nuclear Generating Units, Net Summer Capacity",Million Kilowatts
NUGBPUS,200702,100.266,2,"Nuclear Generating Units, Net Summer Capacity",Million Kilowatts
NUGBPUS,200703,100.266,2,"Nuclear Generating Units, Net Summer Capacity",Million Kilowatts
NUGBPUS,200704,100.266,2,"Nuclear Generating Units, Net Summer Capacity",Million Kilowatts
NUGBPUS,200705,100.266,2,"Nuclear Generating Units, Net Summer Capacity",Million Kilowatts
NUGBPUS,200706,100.266,2,"Nuclear Generating Units, Net Summer Capacity",Million Kilowatts
NUGBPUS,200707,100.266,2,"Nuclear Generating Units, Net Summer Capacity",Million Kilowatts
NUGBPUS,200708,100.266,2,"Nuclear Generating Units, Net Summer Capacity",Million Kilowatts
NUGBPUS,200709,100.266,2,"Nuclear Generating Units, Net Summer Capacity",Million Kilowatts
NUGBPUS,200710,100.266,2,"Nuclear Generating Units, Net Summer Capacity",Million Kilowatts
NUGBPUS,200711,100.266,2,"Nuclear Generating Units, Net Summer Capacity",Million Kilowatts
NUGBPUS,200712,100.266,2,"Nuclear Generating Units, Net Summer Capacity",Million Kilowatts
NUGBPUS,200713,100.266,2,"Nuclear Generating Units, Net Summer Capacity",Million Kilowatts
NUGBPUS,200801,100.755,2,"Nuclear Generating Units, Net Summer Capacity",Million Kilowatts
NUGBPUS,200802,100.755,2,"Nuclear Generating Units, Net Summer Capacity",Million Kilowatts
NUGBPUS,200803,100.755,2,"Nuclear Generating Units, Net Summer Capacity",Million Kilowatts
NUGBPUS,200804,100.755,2,"Nuclear Generating Units, Net Summer Capacity",Million Kilowatts
NUGBPUS,200805,100.755,2,"Nuclear Generating Units, Net Summer Capacity",Million Kilowatts
NUGBPUS,200806,100.755,2,"Nuclear Generating Units, Net Summer Capacity",Million Kilowatts
NUGBPUS,200807,100.755,2,"Nuclear Generating Units, Net Summer Capacity",Million Kilowatts
NUGBPUS,200808,100.755,2,"Nuclear Generating Units, Net Summer Capacity",Million Kilowatts
NUGBPUS,200809,100.755,2,"Nuclear Generating Units, Net Summer Capacity",Million Kilowatts
NUGBPUS,200810,100.755,2,"Nuclear Generating Units, Net Summer Capacity",Million Kilowatts
NUGBPUS,200811,100.755,2,"Nuclear Generating Units, Net Summer Capacity",Million Kilowatts
NUGBPUS,200812,100.755,2,"Nuclear Generating Units, Net Summer Capacity",Million Kilowatts
NUGBPUS,200813,100.755,2,"Nuclear Generating Units, Net Summer Capacity",Million Kilowatts
NUGBPUS,200901,101.004,2,"Nuclear Generating Units, Net Summer Capacity",Million Kilowatts
NUGBPUS,200902,101.004,2,"Nuclear Generating Units, Net Summer Capacity",Million Kilowatts
NUGBPUS,200903,101.004,2,"Nuclear Generating Units, Net Summer Capacity",Million Kilowatts
NUGBPUS,200904,101.004,2,"Nuclear Generating Units, Net Summer Capacity",Million Kilowatts
NUGBPUS,200905,101.004,2,"Nuclear Generating Units, Net Summer Capacity",Million Kilowatts
NUGBPUS,200906,101.004,2,"Nuclear Generating Units, Net Summer Capacity",Million Kilowatts
NUGBPUS,200907,101.004,2,"Nuclear Generating Units, Net Summer Capacity",Million Kilowatts
NUGBPUS,200908,101.004,2,"Nuclear Generating Units, Net Summer Capacity",Million Kilowatts
NUGBPUS,200909,101.004,2,"Nuclear Generating Units, Net Summer Capacity",Million Kilowatts
NUGBPUS,200910,101.004,2,"Nuclear Generating Units, Net Summer Capacity",Million Kilowatts
NUGBPUS,200911,101.004,2,"Nuclear Generating Units, Net Summer Capacity",Million Kilowatts
NUGBPUS,200912,101.004,2,"Nuclear Generating Units, Net Summer Capacity",Million Kilowatts
NUGBPUS,200913,101.004,2,"Nuclear Generating Units, Net Summer Capacity",Million Kilowatts
NUGBPUS,201001,101.167,2,"Nuclear Generating Units, Net Summer Capacity",Million Kilowatts
NUGBPUS,201002,101.167,2,"Nuclear Generating Units, Net Summer Capacity",Million Kilowatts
NUGBPUS,201003,101.167,2,"Nuclear Generating Units, Net Summer Capacity",Million Kilowatts
NUGBPUS,201004,101.167,2,"Nuclear Generating Units, Net Summer Capacity",Million Kilowatts
NUGBPUS,201005,101.167,2,"Nuclear Generating Units, Net Summer Capacity",Million Kilowatts
NUGBPUS,201006,101.167,2,"Nuclear Generating Units, Net Summer Capacity",Million Kilowatts
NUGBPUS,201007,101.167,2,"Nuclear Generating Units, Net Summer Capacity",Million Kilowatts
NUGBPUS,201008,101.167,2,"Nuclear Generating Units, Net Summer Capacity",Million Kilowatts
NUGBPUS,201009,101.167,2,"Nuclear Generating Units, Net Summer Capacity",Million Kilowatts
NUGBPUS,201010,101.167,2,"Nuclear Generating Units, Net Summer Capacity",Million Kilowatts
NUGBPUS,201011,101.167,2,"Nuclear Generating Units, Net Summer Capacity",Million Kilowatts
NUGBPUS,201012,101.167,2,"Nuclear Generating Units, Net Summer Capacity",Million Kilowatts
NUGBPUS,201013,101.167,2,"Nuclear Generating Units, Net Summer Capacity",Million Kilowatts
NUGBPUS,201101,101.163,2,"Nuclear Generating Units, Net Summer Capacity",Million Kilowatts
NUGBPUS,201102,101.163,2,"Nuclear Generating Units, Net Summer Capacity",Million Kilowatts
NUGBPUS,201103,101.163,2,"Nuclear Generating Units, Net Summer Capacity",Million Kilowatts
NUGBPUS,201104,101.163,2,"Nuclear Generating Units, Net Summer Capacity",Million Kilowatts
NUGBPUS,201105,101.163,2,"Nuclear Generating Units, Net Summer Capacity",Million Kilowatts
NUGBPUS,201106,101.277,2,"Nuclear Generating Units, Net Summer Capacity",Million Kilowatts
NUGBPUS,201107,101.277,2,"Nuclear Generating Units, Net Summer Capacity",Million Kilowatts
NUGBPUS,201108,101.347,2,"Nuclear Generating Units, Net Summer Capacity",Million Kilowatts
NUGBPUS,201109,101.347,2,"Nuclear Generating Units, Net Summer Capacity",Million Kilowatts
NUGBPUS,201110,101.347,2,"Nuclear Generating Units, Net Summer Capacity",Million Kilowatts
NUGBPUS,201111,101.347,2,"Nuclear Generating Units, Net Summer Capacity",Million Kilowatts
NUGBPUS,201112,101.419,2,"Nuclear Generating Units, Net Summer Capacity",Million Kilowatts
NUGBPUS,201113,101.419,2,"Nuclear Generating Units, Net Summer Capacity",Million Kilowatts
NUGBPUS,201201,101.602,2,"Nuclear Generating Units, Net Summer Capacity",Million Kilowatts
NUGBPUS,201202,101.602,2,"Nuclear Generating Units, Net Summer Capacity",Million Kilowatts
NUGBPUS,201203,101.602,2,"Nuclear Generating Units, Net Summer Capacity",Million Kilowatts
NUGBPUS,201204,101.602,2,"Nuclear Generating Units, Net Summer Capacity",Million Kilowatts
NUGBPUS,201205,101.625,2,"Nuclear Generating Units, Net Summer Capacity",Million Kilowatts
NUGBPUS,201206,101.625,2,"Nuclear Generating Units, Net Summer Capacity",Million Kilowatts
NUGBPUS,201207,101.747,2,"Nuclear Generating Units, Net Summer Capacity",Million Kilowatts
NUGBPUS,201208,101.856,2,"Nuclear Generating Units, Net Summer Capacity",Million Kilowatts
NUGBPUS,201209,101.856,2,"Nuclear Generating Units, Net Summer Capacity",Million Kilowatts
NUGBPUS,201210,101.856,2,"Nuclear Generating Units, Net Summer Capacity",Million Kilowatts
NUGBPUS,201211,101.885,2,"Nuclear Generating Units, Net Summer Capacity",Million Kilowatts
NUGBPUS,201212,101.885,2,"Nuclear Generating Units, Net Summer Capacity",Million Kilowatts
NUGBPUS,201213,101.885,2,"Nuclear Generating Units, Net Summer Capacity",Million Kilowatts
NUGBPUS,201301,102.206,2,"Nuclear Generating Units, Net Summer Capacity",Million Kilowatts
NUGBPUS,201302,101.346,2,"Nuclear Generating Units, Net Summer Capacity",Million Kilowatts
NUGBPUS,201303,101.455,2,"Nuclear Generating Units, Net Summer Capacity",Million Kilowatts
NUGBPUS,201304,101.603,2,"Nuclear Generating Units, Net Summer Capacity",Million Kilowatts
NUGBPUS,201305,101.282,2,"Nuclear Generating Units, Net Summer Capacity",Million Kilowatts
NUGBPUS,201306,99.132,2,"Nuclear Generating Units, Net Summer Capacity",Million Kilowatts
NUGBPUS,201307,99.132,2,"Nuclear Generating Units, Net Summer Capacity",Million Kilowatts
NUGBPUS,201308,99.132,2,"Nuclear Generating Units, Net Summer Capacity",Million Kilowatts
NUGBPUS,201309,99.132,2,"Nuclear Generating Units, Net Summer Capacity",Million Kilowatts
NUGBPUS,201310,99.132,2,"Nuclear Generating Units, Net Summer Capacity",Million Kilowatts
NUGBPUS,201311,99.132,2,"Nuclear Generating Units, Net Summer Capacity",Million Kilowatts
NUGBPUS,201312,99.24,2,"Nuclear Generating Units, Net Summer Capacity",Million Kilowatts
NUGBPUS,201313,99.24,2,"Nuclear Generating Units, Net Summer Capacity",Million Kilowatts
NUGBPUS,201401,99.182,2,"Nuclear Generating Units, Net Summer Capacity",Million Kilowatts
NUGBPUS,201402,99.182,2,"Nuclear Generating Units, Net Summer Capacity",Million Kilowatts
NUGBPUS,201403,99.182,2,"Nuclear Generating Units, Net Summer Capacity",Million Kilowatts
NUGBPUS,201404,99.182,2,"Nuclear Generating Units, Net Summer Capacity",Million Kilowatts
NUGBPUS,201405,99.182,2,"Nuclear Generating Units, Net Summer Capacity",Million Kilowatts
NUGBPUS,201406,99.182,2,"Nuclear Generating Units, Net Summer Capacity",Million Kilowatts
NUGBPUS,201407,99.182,2,"Nuclear Generating Units, Net Summer Capacity",Million Kilowatts
NUGBPUS,201408,99.182,2,"Nuclear Generating Units, Net Summer Capacity",Million Kilowatts
NUGBPUS,201409,99.182,2,"Nuclear Generating Units, Net Summer Capacity",Million Kilowatts
NUGBPUS,201410,99.182,2,"Nuclear Generating Units, Net Summer Capacity",Million Kilowatts
NUGBPUS,201411,99.182,2,"Nuclear Generating Units, Net Summer Capacity",Million Kilowatts
NUGBPUS,201412,98.569,2,"Nuclear Generating Units, Net Summer Capacity",Million Kilowatts
NUGBPUS,201413,98.569,2,"Nuclear Generating Units, Net Summer Capacity",Million Kilowatts
NUGBPUS,201501,98.533,2,"Nuclear Generating Units, Net Summer Capacity",Million Kilowatts
NUGBPUS,201502,98.533,2,"Nuclear Generating Units, Net Summer Capacity",Million Kilowatts
NUGBPUS,201503,98.533,2,"Nuclear Generating Units, Net Summer Capacity",Million Kilowatts
NUGBPUS,201504,98.533,2,"Nuclear Generating Units, Net Summer Capacity",Million Kilowatts
NUGBPUS,201505,98.533,2,"Nuclear Generating Units, Net Summer Capacity",Million Kilowatts
NUGBPUS,201506,98.672,2,"Nuclear Generating Units, Net Summer Capacity",Million Kilowatts
NUGBPUS,201507,98.672,2,"Nuclear Generating Units, Net Summer Capacity",Million Kilowatts
NUGBPUS,201508,98.672,2,"Nuclear Generating Units, Net Summer Capacity",Million Kilowatts
NUGBPUS,201509,98.672,2,"Nuclear Generating Units, Net Summer Capacity",Million Kilowatts
NUGBPUS,201510,98.672,2,"Nuclear Generating Units, Net Summer Capacity",Million Kilowatts
NUGBPUS,201511,98.672,2,"Nuclear Generating Units, Net Summer Capacity",Million Kilowatts
NUGBPUS,201512,98.672,2,"Nuclear Generating Units, Net Summer Capacity",Million Kilowatts
NUGBPUS,201513,98.672,2,"Nuclear Generating Units, Net Summer Capacity",Million Kilowatts
NUGBPUS,201601,98.921,2,"Nuclear Generating Units, Net Summer Capacity",Million Kilowatts
NUGBPUS,201602,98.921,2,"Nuclear Generating Units, Net Summer Capacity",Million Kilowatts
NUGBPUS,201603,98.921,2,"Nuclear Generating Units, Net Summer Capacity",Million Kilowatts
NUGBPUS,201604,98.921,2,"Nuclear Generating Units, Net Summer Capacity",Million Kilowatts
NUGBPUS,201605,98.921,2,"Nuclear Generating Units, Net Summer Capacity",Million Kilowatts
NUGBPUS,201606,100.043,2,"Nuclear Generating Units, Net Summer Capacity",Million Kilowatts
NUGBPUS,201607,100.043,2,"Nuclear Generating Units, Net Summer Capacity",Million Kilowatts
NUGBPUS,201608,100.043,2,"Nuclear Generating Units, Net Summer Capacity",Million Kilowatts
NUGBPUS,201609,100.043,2,"Nuclear Generating Units, Net Summer Capacity",Million Kilowatts
NUGBPUS,201610,99.565,2,"Nuclear Generating Units, Net Summer Capacity",Million Kilowatts
NUGBPUS,201611,99.565,2,"Nuclear Generating Units, Net Summer Capacity",Million Kilowatts
NUGBPUS,201612,99.565,2,"Nuclear Generating Units, Net Summer Capacity",Million Kilowatts
NUGBPUS,201613,99.565,2,"Nuclear Generating Units, Net Summer Capacity",Million Kilowatts
NUGBPUS,201701,99.61,2,"Nuclear Generating Units, Net Summer Capacity",Million Kilowatts
NUGBPUS,201702,99.61,2,"Nuclear Generating Units, Net Summer Capacity",Million Kilowatts
NUGBPUS,201703,99.61,2,"Nuclear Generating Units, Net Summer Capacity",Million Kilowatts
NUGBPUS,201704,99.61,2,"Nuclear Generating Units, Net Summer Capacity",Million Kilowatts
NUGBPUS,201705,99.61,2,"Nuclear Generating Units, Net Summer Capacity",Million Kilowatts
NUGBPUS,201706,99.61,2,"Nuclear Generating Units, Net Summer Capacity",Million Kilowatts
NUGBPUS,201707,99.629,2,"Nuclear Generating Units, Net Summer Capacity",Million Kilowatts
NUGBPUS,201708,99.629,2,"Nuclear Generating Units, Net Summer Capacity",Million Kilowatts
NUGBPUS,201709,99.629,2,"Nuclear Generating Units, Net Summer Capacity",Million Kilowatts
NUGBPUS,201710,99.629,2,"Nuclear Generating Units, Net Summer Capacity",Million Kilowatts
NUGBPUS,201711,99.629,2,"Nuclear Generating Units, Net Summer Capacity",Million Kilowatts
NUGBPUS,201712,99.629,2,"Nuclear Generating Units, Net Summer Capacity",Million Kilowatts
NUGBPUS,201713,99.629,2,"Nuclear Generating Units, Net Summer Capacity",Million Kilowatts
NUGBPUS,201801,99.731,2,"Nuclear Generating Units, Net Summer Capacity",Million Kilowatts
NUGBPUS,201802,99.731,2,"Nuclear Generating Units, Net Summer Capacity",Million Kilowatts
NUGBPUS,201803,99.731,2,"Nuclear Generating Units, Net Summer Capacity",Million Kilowatts
NUGBPUS,201804,99.731,2,"Nuclear Generating Units, Net Summer Capacity",Million Kilowatts
NUGBPUS,201805,99.731,2,"Nuclear Generating Units, Net Summer Capacity",Million Kilowatts
NUGBPUS,201806,99.731,2,"Nuclear Generating Units, Net Summer Capacity",Million Kilowatts
NUGBPUS,201807,99.731,2,"Nuclear Generating Units, Net Summer Capacity",Million Kilowatts
NUGBPUS,201808,99.731,2,"Nuclear Generating Units, Net Summer Capacity",Million Kilowatts
NUGBPUS,201809,99.278,2,"Nuclear Generating Units, Net Summer Capacity",Million Kilowatts
NUGBPUS,201810,99.278,2,"Nuclear Generating Units, Net Summer Capacity",Million Kilowatts
NUGBPUS,201811,99.433,2,"Nuclear Generating Units, Net Summer Capacity",Million Kilowatts
NUGBPUS,201812,99.433,2,"Nuclear Generating Units, Net Summer Capacity",Million Kilowatts
NUGBPUS,201813,99.433,2,"Nuclear Generating Units, Net Summer Capacity",Million Kilowatts
NUGBPUS,201901,99.44,2,"Nuclear Generating Units, Net Summer Capacity",Million Kilowatts
NUGBPUS,201902,99.44,2,"Nuclear Generating Units, Net Summer Capacity",Million Kilowatts
NUGBPUS,201903,99.44,2,"Nuclear Generating Units, Net Summer Capacity",Million Kilowatts
NUGBPUS,201904,99.595,2,"Nuclear Generating Units, Net Summer Capacity",Million Kilowatts
NUGBPUS,201905,98.922,2,"Nuclear Generating Units, Net Summer Capacity",Million Kilowatts
NUGBPUS,201906,98.922,2,"Nuclear Generating Units, Net Summer Capacity",Million Kilowatts
NUGBPUS,201907,98.922,2,"Nuclear Generating Units, Net Summer Capacity",Million Kilowatts
NUGBPUS,201908,98.922,2,"Nuclear Generating Units, Net Summer Capacity",Million Kilowatts
NUGBPUS,201909,98.119,2,"Nuclear Generating Units, Net Summer Capacity",Million Kilowatts
NUGBPUS,201910,98.119,2,"Nuclear Generating Units, Net Summer Capacity",Million Kilowatts
NUGBPUS,201911,98.119,2,"Nuclear Generating Units, Net Summer Capacity",Million Kilowatts
NUGBPUS,201912,98.119,2,"Nuclear Generating Units, Net Summer Capacity",Million Kilowatts
NUGBPUS,201913,98.119,2,"Nuclear Generating Units, Net Summer Capacity",Million Kilowatts
NUGBPUS,202001,98.094,2,"Nuclear Generating Units, Net Summer Capacity",Million Kilowatts
NUGBPUS,202002,98.094,2,"Nuclear Generating Units, Net Summer Capacity",Million Kilowatts
NUGBPUS,202003,98.094,2,"Nuclear Generating Units, Net Summer Capacity",Million Kilowatts
NUGBPUS,202004,97.082,2,"Nuclear Generating Units, Net Summer Capacity",Million Kilowatts
NUGBPUS,202005,97.082,2,"Nuclear Generating Units, Net Summer Capacity",Million Kilowatts
NUGBPUS,202006,97.082,2,"Nuclear Generating Units, Net Summer Capacity",Million Kilowatts
NUGBPUS,202007,97.082,2,"Nuclear Generating Units, Net Summer Capacity",Million Kilowatts
NUGBPUS,202008,97.082,2,"Nuclear Generating Units, Net Summer Capacity",Million Kilowatts
NUGBPUS,202009,97.082,2,"Nuclear Generating Units, Net Summer Capacity",Million Kilowatts
NUGBPUS,202010,97.102,2,"Nuclear Generating Units, Net Summer Capacity",Million Kilowatts
NUGBPUS,202011,96.501,2,"Nuclear Generating Units, Net Summer Capacity",Million Kilowatts
NUGBPUS,202012,96.501,2,"Nuclear Generating Units, Net Summer Capacity",Million Kilowatts
NUGBPUS,202013,96.501,2,"Nuclear Generating Units, Net Summer Capacity",Million Kilowatts
NUGBPUS,202101,96.586,2,"Nuclear Generating Units, Net Summer Capacity",Million Kilowatts
NUGBPUS,202102,96.586,2,"Nuclear Generating Units, Net Summer Capacity",Million Kilowatts
NUGBPUS,202103,96.586,2,"Nuclear Generating Units, Net Summer Capacity",Million Kilowatts
NUGBPUS,202104,95.546,2,"Nuclear Generating Units, Net Summer Capacity",Million Kilowatts
NUGBPUS,202105,95.546,2,"Nuclear Generating Units, Net Summer Capacity",Million Kilowatts
NUGBPUS,202106,95.546,2,"Nuclear Generating Units, Net Summer Capacity",Million Kilowatts
NUGBPUS,202107,95.546,2,"Nuclear Generating Units, Net Summer Capacity",Million Kilowatts
NUGBPUS,202108,95.546,2,"Nuclear Generating Units, Net Summer Capacity",Million Kilowatts
NUGBPUS,202109,95.546,2,"Nuclear Generating Units, Net Summer Capacity",Million Kilowatts
NUGBPUS,202110,95.546,2,"Nuclear Generating Units, Net Summer Capacity",Million Kilowatts
NUGBPUS,202111,95.546,2,"Nuclear Generating Units, Net Summer Capacity",Million Kilowatts
NUGBPUS,202112,95.546,2,"Nuclear Generating Units, Net Summer Capacity",Million Kilowatts
NUGBPUS,202113,95.546,2,"Nuclear Generating Units, Net Summer Capacity",Million Kilowatts
NUGBPUS,202201,95.406,2,"Nuclear Generating Units, Net Summer Capacity",Million Kilowatts
NUGBPUS,202202,95.406,2,"Nuclear Generating Units, Net Summer Capacity",Million Kilowatts
NUGBPUS,202203,95.406,2,"Nuclear Generating Units, Net Summer Capacity",Million Kilowatts
NUGBPUS,202204,95.406,2,"Nuclear Generating Units, Net Summer Capacity",Million Kilowatts
NUGBPUS,202205,95.427,2,"Nuclear Generating Units, Net Summer Capacity",Million Kilowatts
NUGBPUS,202206,94.659,2,"Nuclear Generating Units, Net Summer Capacity",Million Kilowatts
NUGBPUS,202207,94.659,2,"Nuclear Generating Units, Net Summer Capacity",Million Kilowatts
NUGBPUS,202208,94.659,2,"Nuclear Generating Units, Net Summer Capacity",Million Kilowatts
NUGBPUS,202209,94.659,2,"Nuclear Generating Units, Net Summer Capacity",Million Kilowatts
NUGBPUS,202210,94.659,2,"Nuclear Generating Units, Net Summer Capacity",Million Kilowatts
NUGBPUS,202211,94.659,2,"Nuclear Generating Units, Net Summer Capacity",Million Kilowatts
NUGBPUS,202212,94.659,2,"Nuclear Generating Units, Net Summer Capacity",Million Kilowatts
NUGBPUS,202213,94.659,2,"Nuclear Generating Units, Net Summer Capacity",Million Kilowatts
NUGBPUS,202301,94.598,2,"Nuclear Generating Units, Net Summer Capacity",Million Kilowatts
NUGBPUS,202302,94.598,2,"Nuclear Generating Units, Net Summer Capacity",Million Kilowatts
NUGBPUS,202303,94.598,2,"Nuclear Generating Units, Net Summer Capacity",Million Kilowatts
NUGBPUS,202304,94.598,2,"Nuclear Generating Units, Net Summer Capacity",Million Kilowatts
NUGBPUS,202305,94.598,2,"Nuclear Generating Units, Net Summer Capacity",Million Kilowatts
NUGBPUS,202306,94.598,2,"Nuclear Generating Units, Net Summer Capacity",Million Kilowatts
NUGBPUS,202307,95.712,2,"Nuclear Generating Units, Net Summer Capacity",Million Kilowatts
NUGBPUS,202308,95.712,2,"Nuclear Generating Units, Net Summer Capacity",Million Kilowatts
NUGBPUS,202309,95.712,2,"Nuclear Generating Units, Net Summer Capacity",Million Kilowatts
NUGBPUS,202310,95.712,2,"Nuclear Generating Units, Net Summer Capacity",Million Kilowatts
NUGBPUS,202311,95.712,2,"Nuclear Generating Units, Net Summer Capacity",Million Kilowatts
NUGBPUS,202312,95.712,2,"Nuclear Generating Units, Net Summer Capacity",Million Kilowatts
NUGBPUS,202313,95.712,2,"Nuclear Generating Units, Net Summer Capacity",Million Kilowatts
NUGBPUS,202401,95.706,2,"Nuclear Generating Units, Net Summer Capacity",Million Kilowatts
NUGBPUS,202402,95.706,2,"Nuclear Generating Units, Net Summer Capacity",Million Kilowatts
NUGBPUS,202403,95.706,2,"Nuclear Generating Units, Net Summer Capacity",Million Kilowatts
NUGBPUS,202404,96.82,2,"Nuclear Generating Units, Net Summer Capacity",Million Kilowatts
NUGBPUS,202405,96.82,2,"Nuclear Generating Units, Net Summer Capacity",Million Kilowatts
NUGBPUS,202406,96.82,2,"Nuclear Generating Units, Net Summer Capacity",Million Kilowatts
NUGBPUS,202407,96.82,2,"Nuclear Generating Units, Net Summer Capacity",Million Kilowatts
NUGBPUS,202408,96.82,2,"Nuclear Generating Units, Net Summer Capacity",Million Kilowatts
NUGBPUS,202409,96.82,2,"Nuclear Generating Units, Net Summer Capacity",Million Kilowatts
NUGBPUS,202410,96.82,2,"Nuclear Generating Units, Net Summer Capacity",Million Kilowatts
NUGBPUS,202411,96.82,2,"Nuclear Generating Units, Net Summer Capacity",Million Kilowatts
NUGBPUS,202412,96.82,2,"Nuclear Generating Units, Net Summer Capacity",Million Kilowatts
NUGBPUS,202413,96.82,2,"Nuclear Generating Units, Net Summer Capacity",Million Kilowatts
NUGBPUS,202501,96.834,2,"Nuclear Generating Units, Net Summer Capacity",Million Kilowatts
NUGBPUS,202502,96.834,2,"Nuclear Generating Units, Net Summer Capacity",Million Kilowatts
NUGBPUS,202503,96.834,2,"Nuclear Generating Units, Net Summer Capacity",Million Kilowatts
NUGBPUS,202504,96.834,2,"Nuclear Generating Units, Net Summer Capacity",Million Kilowatts
NUGBPUS,202505,96.88,2,"Nuclear Generating Units, Net Summer Capacity",Million Kilowatts
NUGBPUS,202506,96.88,2,"Nuclear Generating Units, Net Summer Capacity",Million Kilowatts
NUGBPUS,202507,96.88,2,"Nuclear Generating Units, Net Summer Capacity",Million Kilowatts
NUGBPUS,202508,96.88,2,"Nuclear Generating Units, Net Summer Capacity",Million Kilowatts
NUGBPUS,202509,96.88,2,"Nuclear Generating Units, Net Summer Capacity",Million Kilowatts
NUGBPUS,202510,96.88,2,"Nuclear Generating Units, Net Summer Capacity",Million Kilowatts
NUGBPUS,202511,96.88,2,"Nuclear Generating Units, Net Summer Capacity",Million Kilowatts
NUGBPUS,202512,96.88,2,"Nuclear Generating Units, Net Summer Capacity",Million Kilowatts
NUGBPUS,202513,96.88,2,"Nuclear Generating Units, Net Summer Capacity",Million Kilowatts
